page,119
ギミック島,230,6,ポンタ,11MB,2020/7/31（金） 20:10
氷の不思議な部屋,360,31,甘野氷,80MB,2020/7/31（金） 18:30
shader flappy bird test,21,3,unagiHuman,0MB,2020/7/31（金） 17:34
月明かりが照らす部屋,151,12,ハニーバニー,7MB,2020/7/31（金） 15:57
JustaGun,33,2,ライトバルブ,0MB,2020/7/31（金） 13:33
theta,357,5,Emori,35MB,2020/7/31（金） 13:12
BeachTrain,13,2,ImAuty,0MB,2020/7/31（金） 05:06
記憶を探しに,160,19,ヤキソ,19MB,2020/7/31（金） 03:00
吾輩は猫である(WagahaiwaNekodearu),9,3,よも(yomox9),43MB,2020/7/31（金） 01:01
Timer、Logicテストのバッティングセンター,31,2,にくきゅう,4MB,2020/7/31（金） 00:56
#Stay Ocean -Zushi-,843,36,めーぷる,179MB,2020/7/30（木） 17:23
#Stay Ocean -Hawaii-,"1,000",87,めーぷる,31MB,2020/7/30（木） 17:23
スピアフィッシング v1.01,329,21,ﾌｧﾝﾌｧﾝｳｨｰﾋｯﾀｽﾃｰｽﾃｰ,6MB,2020/7/30（木） 13:33
Farm8,12,4,ハニーバニー,0MB,2020/7/30（木） 13:33
TestWorld,18,2,炊きたてライス,0MB,2020/7/29（水） 23:13
SFCClassRoom,56,2,YA,0MB,2020/7/29（水） 21:50
wordworld,12,2,toromaki,10MB,2020/7/29（水） 21:15
動作テスト,19,2,美坂,0MB,2020/7/29（水） 19:54
プロ演,62,3,kikuyo,12MB,2020/7/29（水） 17:49
バーチャル多摩大学,"3,214",32,saitot,9MB,2020/7/29（水） 16:39
多摩大学001大教室,787,6,saitot,0MB,2020/7/29（水） 16:39
mz_test,17,2,むくり,0MB,2020/7/29（水） 14:35
BMtest,8,2,Su,21MB,2020/7/29（水） 13:34
test001Ma,7,2,Su,25MB,2020/7/29（水） 13:34
page,120
池の女神(Ikenomegami) #大加速祭ver 202103124更新 ver8,787,10,よも(yomox9),35MB,2020/7/29（水） 03:18
悠久の湖畔工廠(改＋）,989,48,ロク,115MB,2020/7/29（水） 00:46
スワンガン試し撃ち【HP＆エネミー簡易AIロジックサンプル】,88,7,のほほ,0MB,2020/7/29（水） 00:26
TEST,7,1,Su,2MB,2020/7/28（火） 23:30
ドッキング・シミュレーター,"1,658",23,いちろく,6MB,2020/7/28（火） 22:19
ロジック実験場,431,23,ほびわん,3MB,2020/7/28（火） 22:00
冬の山と風車,105,8,Yuto,50MB,2020/7/28（火） 20:08
LogicSample,36,7,はとりん,0MB,2020/7/28（火） 19:32
ジェットレース.,845,30,messe,6MB,2020/7/28（火） 18:39
迷路,16,4,jun,7MB,2020/7/28（火） 18:38
Riku,6,2,t.Andou_xR,0MB,2020/7/28（火） 17:33
ClassTest,9,2,YA,0MB,2020/7/28（火） 17:04
TestK,8,1,川井,0MB,2020/7/28（火） 16:36
実験,30,2,こちち,0MB,2020/7/28（火） 02:00
ギミックテストワールド,67,3,ﾌｧﾝﾌｧﾝｳｨｰﾋｯﾀｽﾃｰｽﾃｰ,0MB,2020/7/28（火） 01:08
tatami,38,2,かと,3MB,2020/7/28（火） 00:58
Uso800(ウソ・エイティーン),65,4,よも(yomox9),28MB,2020/7/28（火） 00:25
マルバツプリズン（イベント用）,56,10,のほほ,24MB,2020/7/27（月） 22:51
ただ青い夏を見上げたくて,"1,242",103,9191(ｸｲｸｲ),122MB,2020/7/27（月） 22:36
★那須与一になろう,265,16,アフロッティ,24MB,2020/7/27（月） 20:07
倉須田城下町 小道具の巻,152,18,ガルペノ,26MB,2020/7/27（月） 00:55
Vulcano,81,11,MSA_i,40MB,2020/7/27（月） 00:46
フレンドリンクのテスト,33,2,you,0MB,2020/7/27（月） 00:40
精神と時の部屋,38,5,よも(yomox9),1MB,2020/7/27（月） 00:37
page,121
学校のプール,"1,591",78,のほほ,17MB,2020/7/26（日） 23:44
ねこまじんのおうち,48,10,HhotateA,53MB,2020/7/26（日） 18:24
SampleWorld,22,2,ゆうじ,23MB,2020/7/26（日） 16:51
耳かきの庭,552,36,へすい,31MB,2020/7/26（日） 15:25
渓谷,"2,337",193,小惑星,27MB,2020/7/26（日） 15:12
ビールサーバー サンプル (cluster用アイテム),84,14,Đ͎Ø͎Ⱡ͎₱͎Ⱨ͎ł͎ł͎ł͎ł͎₦͎,1MB,2020/7/26（日） 14:03
zepping-maguro,369,40,せぎゅ,39MB,2020/7/26（日） 11:32
morpho,55,3,reiwa,9MB,2020/7/26（日） 10:59
目指せ歴史マスター！！！,70,4,アフロッティ,0MB,2020/7/26（日） 05:25
空,22,3,Yasuhiro,5MB,2020/7/26（日） 02:07
MAZE 10x10 Ver1.1,60,4,すがも,30MB,2020/7/26（日） 00:33
月面着陸,"1,884",105,〼医,3MB,2020/7/25（土） 15:03
LEGO World - LEGOの世界,55,7,Skyblue,0MB,2020/7/25（土） 14:24
劇場で紙飛行機とばすマン,35,4,坂本ふろすと,23MB,2020/7/25（土） 14:03
お台場ロックタウン,211,12,ミヤモト,142MB,2020/7/25（土） 12:37
人狼,216,12,White_ash,5MB,2020/7/25（土） 11:44
バグ町,167,18,削除済みユーザー,37MB,2020/7/25（土） 08:29
SDGs展覧会,39,2,natsu,6MB,2020/7/25（土） 00:53
かちかち,25,2,BOBO,23MB,2020/7/24（金） 22:49
ゴールを目指せ！,452,8,ゆっきぃぃ,14MB,2020/7/24（金） 22:26
空間,46,2,Fiji,2MB,2020/7/24（金） 19:38
back number,12,2,atsu,2MB,2020/7/24（金） 19:11
Kokoro,26,3,DoctorD,4MB,2020/7/24（金） 18:44
my world,23,3,sumo08,8MB,2020/7/24（金） 17:00
