OIBC 卒制展2021 展示会場(シアタールーム),2 いいね,OIBC 卒制展 実行委員会,4MB,2021/2/26（金） 17:17
ロングランジャンプ「宇宙へ…」,24 いいね,ガルペノ,3MB,2021/2/26（金） 17:02
OIBC 卒制展2021 展示会場(ゲーム),4 いいね,OIBC 卒制展 実行委員会,66MB,2021/2/26（金） 15:43
My new world,3 いいね,鳥賊(トリゾク),0MB,2021/2/26（金） 13:44
ティラノサウルスの部屋,4 いいね,みっちゃん,14MB,2021/2/26（金） 13:19
Super K World GAME WORLD,0 いいね,LEONHALT,0MB,2021/2/26（金） 12:53
igaV,3 いいね,kissyossy,23MB,2021/2/26（金） 10:15
TomYamVR's works #v雪,7 いいね,TomYamVR,28MB,2021/2/26（金） 06:36
Test,0 いいね,blue,1MB,2021/2/26（金） 01:38
UIデモシーン つくってみた,2 いいね,t_furu♨,0MB,2021/2/26（金） 01:35
Island,0 いいね,LanLan,10MB,2021/2/26（金） 01:33
地下之会 ギャラリー2021『館』,8 いいね,なまうんこ,111MB,2021/2/25（木） 23:42
New World,0 いいね,frzn777,8MB,2021/2/25（木） 17:28
World_No-005,0 いいね,Shi-san,1MB,2021/2/25（木） 17:04
向日葵の教会 - ラジオ体操 -,8 いいね,VulpeS,95MB,2021/2/25（木） 16:08
Villa_garden_try_02,1 いいね,カスピアン,26MB,2021/2/25（木） 16:00
森,0 いいね,NnnnnT,8MB,2021/2/25（木） 14:41
卑怯な秘境の村,0 いいね,Watabe,9MB,2021/2/25（木） 14:31
test,0 いいね,D.M,3MB,2021/2/25（木） 14:24
testworld,0 いいね,cluscluster,0MB,2021/2/25（木） 14:13
地獄の佐助,2 いいね,yosidama00505,0MB,2021/2/25（木） 13:51
New village,0 いいね,figaroxxxxx,9MB,2021/2/25（木） 13:49
THE GUN SHOOTER GAME,2 いいね,oh,2MB,2021/2/25（木） 13:34
【NFT写真展】令和2年 微睡む風景、記憶、夢、現 v0.1,1 いいね,じょるじお,250MB,2021/2/25（木） 01:27
入室カウンター,2 いいね,七種あきの,0MB,2021/2/25（木） 00:46
World_test_2,0 いいね,test0000,128MB,2021/2/25（木） 00:44
ドM専用あすれちっく♡,17 いいね,suzuhashi,0MB,2021/2/24（水） 23:47
School,1 いいね,nm,3MB,2021/2/24（水） 22:19
testワールド,0 いいね,guru5こ,1MB,2021/2/24（水） 22:07
滝竜三の倉庫,3 いいね,滝 竜三,0MB,2021/2/24（水） 21:16
210224_KDC,0 いいね,shimoyoshi,6MB,2021/2/24（水） 19:02
VELVETA DESIGN World vol.02,5 いいね,VELVETA DESIGN,193MB,2021/2/24（水） 18:07
KDC_yama,1 いいね,shimoyoshi,1MB,2021/2/24（水） 17:36
Test World,0 いいね,おしお,0MB,2021/2/24（水） 04:26
TimerBugWorld,0 いいね,すずきさん,0MB,2021/2/24（水） 01:42
焚き火と音楽,4 いいね,タンク,5MB,2021/2/23（火） 23:47
３分間の『目の体操』,15 いいね,フシギ,22MB,2021/2/23（火） 21:46
試作ワールド,0 いいね,レフ,38MB,2021/2/23（火） 21:39
AIM,4 いいね,ハス,31MB,2021/2/23（火） 19:42
Gifu-nct,0 いいね,komeimori,5MB,2021/2/23（火） 17:07
おとぎ話の森,5 いいね,いたすが,32MB,2021/2/23（火） 15:40
Virtual BRIDGE TERMINAL trial01,7 いいね,emon,37MB,2021/2/23（火） 03:34
続！宇宙からの帰還(GOJO Village 互助村),1 いいね,VR村開発室うめちゃん,24MB,2021/2/23（火） 01:46
ハスの島,15 いいね,ハス,71MB,2021/2/23（火） 01:25
宇宙からの帰還チャレンジ　(GOJO Village 互助村),0 いいね,VR村開発室うめちゃん,12MB,2021/2/23（火） 00:34
黒のアスレチック,6 いいね,Sora,0MB,2021/2/22（月） 23:15
Amabie Temple,6 いいね,"イエノブォーリー""VR∞M""",35MB,2021/2/22（月） 22:54
世界初！火星神社,5 いいね,うさ次郎,45MB,2021/2/22（月） 22:21
Mapper　2月展示,2 いいね,Mapper,0MB,2021/2/22（月） 22:18
まがまっま,4 いいね,麻日/マイ/mai,7MB,2021/2/22（月） 21:19
整体とコーヒー(作成中),0 いいね,VR村開発室ゆきちゃん,34MB,2021/2/22（月） 07:43
みんな作った雪まつり with Multibrush　#V雪,10 いいね,Ywwya,60MB,2021/2/22（月） 02:07
バーチャル丸の内,26 いいね,三菱地所株式会社,40MB,2021/2/22（月） 00:00
逃避ケア[VRMV],26 いいね,ちゅんフレ/フレイ,15MB,2021/2/21（日） 21:31
Aurora,48 いいね,DW164,40MB,2021/2/21（日） 18:01
くらすた山 Beta,4 いいね,いたすが,18MB,2021/2/21（日） 16:26
国内旅写真展　中部編,3 いいね,熊猫土竜,118MB,2021/2/21（日） 16:24
Coffeeのアトリエ,30 いいね,Coffee,17MB,2021/2/21（日） 14:22
プラネタリウム(GOJO Village 互助村),9 いいね,VR村開発室うめちゃん,14MB,2021/2/20（土） 23:38
向日葵の教会 - Live ver-,5 いいね,VulpeS,105MB,2021/2/20（土） 21:02
Trade Garden,58 いいね,faidra,19MB,2021/2/20（土） 20:30
スペースコロニー,2 いいね,いたすが,21MB,2021/2/20（土） 16:08
【Vギャラ#05】京都市芸バーチャル展示スペース #京芸V展 #Vギャラ,18 いいね,早蕨わらび,47MB,2021/2/20（土） 10:00
だんまく〜,1 いいね,さな,1MB,2021/2/20（土） 08:03
St.Paul Island Naval Base,1 いいね,繊月慧柳,34MB,2021/2/20（土） 04:21
ゲームワールドテスト,5 いいね,messe,3MB,2021/2/19（金） 23:36
Schoolテスト,9 いいね,D・ニキ,42MB,2021/2/19（金） 23:09
スクリーンワールド,0 いいね,LEONHALT,25MB,2021/2/19（金） 18:32
シューティングゲーム,0 いいね,LEONHALT,1MB,2021/2/19（金） 18:32
机いっぱい,1 いいね,まるしす,0MB,2021/2/19（金） 17:04
木目調の図書室,12 いいね,いたすが,32MB,2021/2/18（木） 19:56
