name,play,like,creator,size,date
BEYOND THE FIRE WALL - たぶん全く新しい陣取りゲーム -,144,11,mag/maguro,4MB,2020/10/18（日） 22:41
Go to Run,236,13,ふらふらっと,1MB,2020/10/18（日） 22:24
Don't Fall,"2,262",24,nysyo,0MB,2020/10/18（日） 21:59
モンスタークッキング,798,29,IKA,146MB,2020/10/18（日） 20:52
魔剣ドロップ,234,6,R01Hee,4MB,2020/10/18（日） 20:34
ナンジャコレ遺跡の謎,486,16,スリムスライム,71MB,2020/10/18（日） 19:37
あきカンひろい,20,1,chiha244,3MB,2020/10/18（日） 19:33
マシンガンバトル,"2,046",41,猫葉ねる,6MB,2020/10/18（日） 18:49
COVID BUSTER！,129,3,びーこす,15MB,2020/10/18（日） 17:13
○cluster Rocket Fight (#clusterワールド杯),14,3,D͓̽o͓̽l͓̽p͓̽h͓̽i͓̽i͓̽i͓̽i͓̽n͓̽∞͓̽,0MB,2020/10/18（日） 17:10
Riku_Shooting,10,2,t.Andou_xR,0MB,2020/10/18（日） 15:23
オセロ/Othello(サンプルワールド),31,0,うい,0MB,2020/10/18（日） 14:12
オセロ(Halloween),57,7,うい,44MB,2020/10/18（日） 13:55
RoboconShowRoom（操縦版）,124,8,みゃおん,55MB,2020/10/18（日） 11:17
maze2,367,10,DW164,0MB,2020/10/18（日） 04:00
RedSpace,"3,287",128,ほびわん,55MB,2020/10/18（日） 03:48
【一人用】ロボファイトチュートリアル【対CPU戦】,151,9,ガルペノ,18MB,2020/10/17（土） 19:06
Mahjong Army - 麻雀の兵隊,17,1,Skyblue,0MB,2020/10/17（土） 17:04
area_tsunagi,"1,863",3,ikuemifes_murakami,4MB,2020/10/17（土） 03:15
Lift Shooter,125,9,でこにょる,43MB,2020/10/17（土） 02:03
あざらしわーるど！,"2,789",53,あざらし,2MB,2020/10/17（土） 01:00
S×H×G×E 50,188,19,ミッコちゃん,5MB,2020/10/17（土） 00:42
POP＆POP,"1,138",20,ハス,24MB,2020/10/17（土） 00:16
Akukan Gatekeeper,111,8,フシギ,50MB,2020/10/17（土） 00:05
トレラビ-TresureLabyrinth-,333,9,ジークス,69MB,2020/10/16（金） 21:36
マルチーズ,230,8,びーさし,8MB,2020/10/16（金） 18:16
UV Scroll Shader Test Room,69,4,MSA_i,10MB,2020/10/16（金） 16:24
バーチャル区学生通り展,95,3,建築学生サークルDAtom,71MB,2020/10/15（木） 23:51
宇宙からナゲット88万個贈ろう!!,235,11,Ichitaro,4MB,2020/10/15（木） 23:48
TFL in VRMC with Fujita Seinar,111,3,Mei Yanata,104MB,2020/10/15（木） 00:05
バーチャル名工大正門広場,131,4,niC,39MB,2020/10/14（水） 22:09
伝説の銃を手に入れろ！,210,9,ディジー,2MB,2020/10/14（水） 11:53
アバター身体測定室,"1,489",69,natsu_san,6MB,2020/10/14（水） 03:36
テンプレシューターっぽい？もの,68,3,ラミー・ヘンプ,1MB,2020/10/14（水） 00:22
FieldWalking2-Cluster Edition-,208,10,うのっち,13MB,2020/10/13（火） 23:38
Zanzo,"1,217",36,tetsuro,29MB,2020/10/13（火） 22:44
卒展3Dのイメージ,24,3,OKESAN,34MB,2020/10/13（火） 19:52
カタチ戦線第2フェーズ「ドキドキスカイパーフェクト」,49,2,ガルペノ,5MB,2020/10/13（火） 19:30
Attraction2,157,6,nirgnehol,5MB,2020/10/13（火） 18:48
テクノロジーカレッジ,628,5,Technology college,68MB,2020/10/13（火） 17:36
THE END,"1,220",51,misoshita [Young yAA],218MB,2020/10/13（火） 09:50
Test01,22,1,ミソ@koigx,0MB,2020/10/13（火） 06:42
【公式】岡山中学校・岡山高等学校～デジオカ～,56,2,【公式】岡山中学校・岡山高等学校,39MB,2020/10/13（火） 03:06
Gun Gun Shooting,356,7,のむこう,35MB,2020/10/12（月） 19:42
モデルギャラリー＿テンプレート,71,1,どこ博運営B,7MB,2020/10/12（月） 19:03
Traveler,775,25,柏葉くるみ,38MB,2020/10/12（月） 13:53
Plateau area,115,4,yuck,42MB,2020/10/12（月） 09:52
玉座の間,160,6,No.8,19MB,2020/10/12（月） 00:50
ど根性！うさぎジャンプ,392,10,へすい,14MB,2020/10/12（月） 00:47
2－1　化学実験室,57,1,桐陰祭Online,10MB,2020/10/11（日） 20:06
2-1　教室,47,1,桐陰祭Online,21MB,2020/10/11（日） 20:06
マジック天ぷらンド,83,5,カリガ・モロデテール,47MB,2020/10/11（日） 17:42
ビリビリ玉,75,9,messe,4MB,2020/10/11（日） 13:09
玲子工事中・・,79,3,hamachan,43MB,2020/10/11（日） 11:44
小樽商科大学Clusterキャンパス,86,4,かさはら,28MB,2020/10/11（日） 07:36
雨漏りする四畳半【雨漏り人生公式】,52,2,ひろし@H.O SOFT,24MB,2020/10/11（日） 00:27
Set Move Speed Rate Player Gimmickのテスト,39,1,D͓̽o͓̽l͓̽p͓̽h͓̽i͓̽i͓̽i͓̽i͓̽n͓̽∞͓̽,0MB,2020/10/10（土） 23:55
パネル色合わせパズル,137,12,Muacca,2MB,2020/10/10（土） 22:48
バーチャルグラフィティ！！！,278,20,konkon,19MB,2020/10/10（土） 19:43
かめカフェ,40,3,ウダサン,7MB,2020/10/10（土） 18:29
Cataramo展,130,4,Cataramo,55MB,2020/10/10（土） 17:09
スマッシュラッシュ!,399,5,零夜,30MB,2020/10/10（土） 16:40
トロピカルアイランド「うぐいす」,146,4,ウグイスボール,34MB,2020/10/10（土） 16:00
バーチャル大相撲 ～秋場所～,"1,082",24,Flor,32MB,2020/10/10（土） 14:15
とある村,53,2,のむこう,0MB,2020/10/10（土） 13:56
ツルツルすべら～す,119,3,ディジー,25MB,2020/10/10（土） 10:00
テクテク的当て,169,5,ゲリー,3MB,2020/10/10（土） 09:30
ストライクな何か　1on1,69,6,messe,11MB,2020/10/10（土） 08:10
バトルスペース　二人プレイ用,41,2,messe,1MB,2020/10/10（土） 02:55
２－１　校門,23,1,桐陰祭Online,0MB,2020/10/9（金） 23:44
スーパー筑附ブラザーズ上級 2-1,298,6,桐陰祭Online,31MB,2020/10/9（金） 23:44
筑波大学附属高校 桐陰祭Online メインワールド,"3,532",39,桐陰祭Online,83MB,2020/10/9（金） 23:44
clusterのテンプレート改変しようぜ,28,5,vins,8MB,2020/10/9（金） 23:22
test,98,1,一橋祭メインチャンネル,7MB,2020/10/9（金） 20:15
Arres Interior,36,4,アレス,29MB,2020/10/9（金） 19:33
バーチャル情報大,136,5,河原ゼミ,14MB,2020/10/9（金） 19:18
test_20.10.7,16,1,akihoshi,2MB,2020/10/9（金） 14:36
ペイントボール銃テストワールド,43,4,jumius（ゆみうす）,0MB,2020/10/9（金） 03:06
【テスト】連射アイテム・弾数制限・自動リロード,48,3,ガルペノ,0MB,2020/10/9（金） 01:39
No.8 記念ホール,63,10,jumius（ゆみうす）,42MB,2020/10/9（金） 00:50
店飯松黒-堂食衆大,861,53,9191(ｸｲｸｲ),39MB,2020/10/8（木） 23:21
FULLMOONForest,114,4,カティア,23MB,2020/10/8（木） 22:25
SorceryArenaTest,61,3,JPnatu,72MB,2020/10/8（木） 22:19
fancree_test,37,2,takashi,79MB,2020/10/8（木） 18:33
山小屋でのんびり,352,6,たじ,12MB,2020/10/8（木） 09:01
UW2,229,4,jfuku,109MB,2020/10/8（木） 01:15
千段螺旋階段,374,33,ミッコちゃん,25MB,2020/10/8（木） 01:06
すずらん畑,435,16,suzuhashi,26MB,2020/10/7（水） 23:10
ハロウィンスタジオ,46,4,ディジー,13MB,2020/10/7（水） 18:00
201007_ot,39,1,ot,0MB,2020/10/7（水） 16:30
20201007_お試しワールド,17,1,kiku,0MB,2020/10/7（水） 16:23
neec.ITCollege,207,5,ターク・ザッキーバーグ,52MB,2020/10/7（水） 12:53
00000002,24,1,GraherXX,1MB,2020/10/7（水） 03:21
BULLET RUNNERS!!! 1.5,472,29,ガルペノ,11MB,2020/10/7（水） 02:03
Trick or Sweets!,130,13,美坂,15MB,2020/10/6（火） 22:33
Floating Jetty,363,13,さ,196MB,2020/10/6（火） 21:14
VR 3D ホッケーゲーム,290,7,hattori,4MB,2020/10/6（火） 21:13
[Photogrammetry]今日のお昼ごはん,8,1,こんにちは世界,1MB,2020/10/6（火） 20:17
3DCG研究会,103,4,ritsuki,47MB,2020/10/6（火） 18:00
【非公式】バーチャル熊大,462,24,T2,41MB,2020/10/6（火） 15:22
緑の世界（動画撮影用グリーンバック）,41,3,鈴木けんぽう渋谷区議,0MB,2020/10/6（火） 15:19
プラモ展示部屋,146,11,わったー,14MB,2020/10/6（火） 14:46
NightDrive-with Creators,284,23,龍飛,64MB,2020/10/6（火） 14:15
first_village,8,1,Shogo Shimizu,0MB,2020/10/6（火） 14:08
記憶のミライ,30,5,kurain,8MB,2020/10/6（火） 10:25
エンタメ,101,1,GraherXX,39MB,2020/10/6（火） 06:08
00001,20,1,GraherXX,1MB,2020/10/6（火） 04:38
結果は同期するストップウォッチ,54,8,はとりん,0MB,2020/10/6（火） 04:11
モンストラリウス,"1,982",39,Linx,81MB,2020/10/6（火） 02:02
お金のためならどこまでも,347,11,ヤキソ,45MB,2020/10/6（火） 00:51
スナックゆうこ cluster1号店 #スナックゆうこ,46,4,kondoyuko,10MB,2020/10/6（火） 00:12
ラクガキワールド,55,2,ms,0MB,2020/10/5（月） 23:04
食べて走ってスピードアップ！,203,25,vins,12MB,2020/10/5（月） 19:07
NewVenue,7,1,po,0MB,2020/10/5（月） 11:35
ソロキャン,141,11,ロジャー・テイラー,8MB,2020/10/5（月） 00:30
